Ref,Val,Package,PosX,PosY,Rot,Side
"R1","10k","R_0805_2012Metric_Pad1.15x1.40mm_HandSolder",16.900000,35.670000,180.000000,bottom
"R2","10k","R_0805_2012Metric_Pad1.15x1.40mm_HandSolder",37.220000,35.670000,180.000000,bottom
"R3","10k","R_0805_2012Metric_Pad1.15x1.40mm_HandSolder",57.785000,35.670000,180.000000,bottom
"R4","10k","R_0805_2012Metric_Pad1.15x1.40mm_HandSolder",77.860000,35.670000,180.000000,bottom
"R5","10k","R_0805_2012Metric_Pad1.15x1.40mm_HandSolder",98.425000,35.670000,180.000000,bottom
"R6","10k","R_0805_2012Metric_Pad1.15x1.40mm_HandSolder",16.900000,15.858000,180.000000,bottom
"R7","10k","R_0805_2012Metric_Pad1.15x1.40mm_HandSolder",37.465000,15.858000,180.000000,bottom
"R8","10k","R_0805_2012Metric_Pad1.15x1.40mm_HandSolder",57.540000,15.858000,180.000000,bottom
"R9","10k","R_0805_2012Metric_Pad1.15x1.40mm_HandSolder",78.105000,15.858000,180.000000,bottom
"R10","10k","R_0805_2012Metric_Pad1.15x1.40mm_HandSolder",98.425000,15.858000,180.000000,bottom
"C1","22pF","C_0805_2012Metric",18.288000,45.720000,180.000000,top
"C2","22pF","C_0805_2012Metric",14.732000,49.276000,270.000000,top
"C3","10uF","C_0805_2012Metric",69.342000,41.783000,0.000000,top
"C4","10uF","C_0805_2012Metric",67.437000,47.117000,90.000000,top
"D1","NP","WS2812b_ThroughBoard",10.730000,25.530000,180.000000,top
"D2","NP","WS2812b_ThroughBoard",30.730000,25.530000,180.000000,top
"D3","NP","WS2812b_ThroughBoard",50.730000,25.530000,180.000000,top
"D4","NP","WS2812b_ThroughBoard",70.730000,25.530000,180.000000,top
"D5","NP","WS2812b_ThroughBoard",90.730000,25.530000,180.000000,top
"D6","NP","WS2812b_ThroughBoard",10.730000,5.530000,180.000000,top
"D7","NP","WS2812b_ThroughBoard",30.730000,5.530000,180.000000,top
"D8","NP","WS2812b_ThroughBoard",50.730000,5.530000,180.000000,top
"D9","NP","WS2812b_ThroughBoard",70.730000,5.530000,180.000000,top
"D10","NP","WS2812b_ThroughBoard",90.730000,5.530000,180.000000,top
"R11","5.1k","R_0603_1608Metric_Pad1.05x0.95mm_HandSolder",12.103100,53.340000,180.000000,top
"R12","5.1k","R_0603_1608Metric_Pad1.05x0.95mm_HandSolder",12.115800,54.978300,180.000000,top
"R13","5.1k","R_0603_1608Metric_Pad1.05x0.95mm_HandSolder",6.096000,58.674000,0.000000,top
"R14","5.1k","R_0603_1608Metric_Pad1.05x0.95mm_HandSolder",6.096000,45.974000,180.000000,top
"R15","10k","R_0603_1608Metric_Pad1.05x0.95mm_HandSolder",39.116000,55.499000,0.000000,top
"R16","2.2k","R_0603_1608Metric_Pad1.05x0.95mm_HandSolder",83.058000,46.863000,270.000000,top
"R17","2.2k","R_0603_1608Metric_Pad1.05x0.95mm_HandSolder",83.058000,53.848000,90.000000,top
"R18","470R","R_0603_1608Metric_Pad1.05x0.95mm_HandSolder",2.286000,24.892000,270.000000,top
"SW1","SW_Push","SW_SPST_TL3342",60.198000,53.848000,180.000000,top
"U1","ATmega32U4-MU","QFN-44-1EP_7x7mm_P0.5mm_EP5.2x5.2mm",27.940000,50.912000,270.000000,top
"U2","LP2985-3.3","SOT-23-5",70.231000,44.958000,90.000000,top
"Y1","Crystal_GND24","Crystal_SMD_3225-4Pin_3.2x2.5mm",18.200000,49.360000,270.000000,top
